{
  "eye": {
    "orientation": [
      -0.9921475052833557,
      0,
      0,
      -0.12507346272468567
    ],
    "magnitude": 1,
    "position": [
      0,
      -110.04694366455078,
      -429.5359802246094
    ]
  },
  "radius": 256,
  "type": "ORTHOGRAPHIC"
}